Rank,Country,ISO,Score,Categorical Rank
122,Afghanistan,AFG,37.7,Worse
106,Angola,AGO,33.92,Okay
84,Albania,ALB,30.25,Okay
37,Andorra,AND,23.23,Better
131,United Arab Emirates,ARE,42.69,Worse
64,Argentina,ARG,28.78,Okay
61,Armenia,ARM,28.6,Okay
26,Australia,AUS,20.21,Better
18,Austria,AUT,15.78,Better
168,Azerbaijan,AZE,58.48,Worst
160,Burundi,BDI,55.33,Worst
12,Belgium,BEL,12.57,Best
113,Benin,BEN,35.11,Worse
38,Burkina Faso,BFA,23.47,Better
151,Bangladesh,BGD,49.37,Worse
111,Bulgaria,BGR,35.06,Worse
169,Bahrain,BHR,60.13,Worst
58,Bosnia-Herzegovina,BIH,28.51,Okay
153,Belarus,BLR,49.75,Worse
53,Belize,BLZ,27.5,Okay
114,Bolivia,BOL,35.37,Worse
107,Brazil,BRA,34.05,Okay
152,Brunei,BRN,49.65,Worse
67,Bhutan,BTN,28.9,Okay
39,Botswana,BWA,23.56,Better
132,Central African Republic,CAF,42.87,Worse
16,Canada,CAN,15.29,Better
8,Switzerland,CHE,10.62,Best
51,Chile,CHL,27.31,Okay
177,China,CHN,78.48,Worst
68,Côte d’Ivoire,CIV,28.94,Okay
134,Cameroon,CMR,43.28,Worse
150,Democratic Republic of Congo,COD,49.09,Worse
118,Congo-Brazzaville,COG,36.56,Worse
130,Colombia,COL,42.66,Worse
75,Comoros,COM,29.77,Okay
25,Cabo Verde,CPV,20.15,Better
7,Costa Rica,CRI,10.53,Best
171,Cuba,CUB,63.81,Worst
27,Cyprus,CYP,20.45,Better
40,Czech Republic,CZE,23.57,Better
11,Germany,DEU,12.16,Best
176,Djibouti,DJI,76.73,Worst
3,Denmark,DNK,8.13,Best
55,Dominican Republic,DOM,27.9,Okay
146,Algeria,DZA,45.52,Worse
98,Ecuador,ECU,32.62,Okay
166,Egypt,EGY,56.82,Worst
178,Eritrea,ERI,83.5,Worst
29,Spain,ESP,22.16,Better
14,Estonia,EST,12.61,Best
99,Ethiopia,ETH,32.82,Okay
2,Finland,FIN,7.93,Best
52,Fiji,FJI,27.41,Okay
34,France,FRA,22.92,Better
121,Gabon,GAB,37.2,Worse
35,United Kingdom,GBR,22.93,Better
60,Georgia,GEO,28.59,Okay
30,Ghana,GHA,22.26,Better
110,Guinea,GIN,34.34,Okay
87,Gambia,GMB,30.62,Okay
94,Guinea Bissau,GNB,32.06,Okay
165,Equatorial Guinea,GNQ,56.38,Worst
65,Greece,GRC,28.8,Okay
116,Guatemala,GTM,35.74,Worse
49,Guyana,GUY,26.63,Okay
148,Honduras,HND,48.2,Worse
59,Croatia,HRV,28.51,Okay
83,Haïti,HTI,30.2,Okay
89,Hungary,HUN,30.84,Okay
119,Indonesia,IDN,36.82,Worse
142,India,IND,45.33,Worse
13,Ireland,IRL,12.6,Best
173,Iran,IRN,64.81,Worst
162,Iraq,IRQ,55.37,Worst
15,Iceland,ISL,15.12,Better
88,Israel,ISR,30.84,Okay
41,Italy,ITA,23.69,Better
6,Jamaica,JAM,10.51,Best
128,Jordan,JOR,42.08,Worse
66,Japan,JPN,28.86,Okay
157,Kazakhstan,KAZ,54.11,Worse
103,Kenya,KEN,33.72,Okay
82,Kyrgyzstan,KGZ,30.19,Okay
144,Cambodia,KHM,45.46,Worse
138,South Sudan,KOR,44.49,Worse
70,Kosovo,KOS,29.33,Okay
109,Kuwait,KWT,34.3,Okay
172,Laos,LAO,64.28,Worst
102,Lebanon,LBN,33.19,Okay
95,Liberia,LBR,32.25,Okay
164,Libya,LBY,55.77,Worst
44,OECS,LCA,23.78,Better
24,Liechtenstein,LIE,19.52,Better
127,Sri Lanka,LKA,41.94,Worse
86,Lesotho,LSO,30.45,Okay
28,Lithuania,LTU,21.19,Better
17,Luxembourg,LUX,15.46,Better
22,Latvia,LVA,18.56,Better
133,Morocco / Western Sahara,MAR,42.88,Worse
91,Moldova,MDA,31.16,Okay
54,Madagascar,MDG,27.68,Okay
79,Maldives,MDV,29.93,Okay
143,Mexico,MEX,45.45,Worse
92,North Macedonia,MKD,31.28,Okay
108,Mali,MLI,34.12,Okay
81,Malta,MLT,30.16,Okay
139,Myanmar,MMR,44.77,Worse
105,Montenegro,MNE,33.83,Okay
73,Mongolia,MNG,29.61,Okay
104,Mozambique,MOZ,33.79,Okay
97,Mauritania,MRT,32.54,Okay
56,Mauritius,MUS,28,Okay
69,Malawi,MWI,29.32,Okay
101,Malaysia,MYS,33.12,Okay
23,Namibia,NAM,19.25,Better
57,Niger,NER,28.25,Okay
115,Nigeria,NGA,35.63,Worse
117,Nicaragua,NIC,35.81,Worse
5,Netherlands,NLD,9.96,Best
1,Norway,NOR,7.84,Best
112,Nepal,NPL,35.1,Worse
9,New Zealand,NZL,10.69,Best
135,Oman,OMN,43.42,Worse
145,Pakistan,PAK,45.52,Worse
76,Panama,PAN,29.78,Okay
90,Peru,PER,30.94,Okay
136,Philippines,PHL,43.54,Worse
46,Papua New Guinea,PNG,23.93,Better
62,Poland,POL,28.65,Okay
180,North Korea,PRK,85.82,Worst
10,Portugal,PRT,11.83,Best
100,Paraguay,PRY,32.97,Okay
137,Palestine,PSE,44.09,Worse
129,Qatar,QAT,42.51,Worse
48,Romania,ROU,25.91,Okay
149,Russia,RUS,48.92,Worse
155,Rwanda,RWA,50.34,Worse
170,Saudi Arabia,SAU,62.14,Worst
159,Sudan,SDN,55.33,Worst
47,Senegal,SEN,23.99,Better
158,Singapore,SGP,55.23,Worst
42,South Korea,SGS,23.7,Better
85,Sierra Leone,SLE,30.28,Okay
74,El Salvador,SLV,29.7,Okay
163,Somalia,SOM,55.45,Worst
93,Serbia,SRB,31.62,Okay
20,Suriname,SUR,17.5,Better
33,Slovakia,SVK,22.67,Better
32,Slovenia,SVN,22.64,Better
4,Sweden,SWE,9.25,Best
141,Eswatini,SWZ,45.15,Worse
63,Seychelles,SYC,28.66,Okay
174,Syria,SYR,72.57,Worst
123,Chad,TCD,39.7,Worse
71,Togo,TGO,29.33,Okay
140,Thailand,THA,44.94,Worse
161,Tajikistan,TJK,55.34,Worst
179,Turkmenistan,TKM,85.44,Worst
78,Timor-Leste,TLS,29.9,Okay
50,Tonga,TON,27.27,Okay
36,Trinidad and Tobago,TTO,23.22,Better
72,Tunisia,TUN,29.45,Okay
154,Turkey,TUR,50.02,Worse
124,Tanzania,TZA,40.25,Worse
125,Uganda,UGA,40.95,Worse
96,Ukraine,UKR,32.52,Okay
19,Uruguay,URY,15.79,Better
45,United States,USA,23.85,Better
156,Uzbekistan,UZB,53.07,Worse
147,Venezuela,VEN,45.66,Worse
175,Vietnam,VNM,74.71,Worst
21,Samoa,WSM,18.25,Better
167,Yemen,YEM,58.25,Worst
31,South Africa,ZAF,22.41,Better
120,Zambia,ZMB,37,Worse
126,Zimbabwe,ZWE,40.95,Worse
